#nome;EC 67;;;;
#subtitulo;Cozinha tradicional portuguesa;;;;
#rodape;IVA incluído · Informe-nos sobre alergias ou intolerâncias.;;;;
#moeda;€;;;;
Categoria;Nome;Descrição;Preço;Etiquetas;Esgotado
Cafetaria;Café ;Coffee;0,9;;
Cafetaria;Descafeinado;Decaffeinated;0,9;;
Cafetaria;Queijo da Serra;Com compota de abóbora;8,5;Vegetariano;
Cafetaria;Chá;Tea;0,85;;
Pratos principais;Bacalhau à Brás;Com batata palha e azeitona preta;14,5;;
Pratos principais;Bife à casa;Lombo grelhado, ovo estrelado e batata frita;15,9;;
Pratos principais;Arroz de cogumelos;Cogumelos salteados e ervas frescas;12,5;Vegetariano, Vegan;
Pratos principais;Polvo à lagareiro;Com batata a murro e grelos;18,5;;sim
Sobremesas;Pudim de ovos;Receita da casa;4,5;Sem glúten;
Sobremesas;Mousse de chocolate;Chocolate negro 70%;4,5;;
Bebidas;Água (0,5 L);;1,5;;
Bebidas;Monster 0,5;;1,95;;
Bebidas;Refrigerante;Lata 33 cl;2,2;;
Bebidas;Vinho da casa;Tinto ou branco · copo;3;;
